<?xml version="1.0" encoding="UTF-8"?>
<!DOCTYPE suite SYSTEM "https://testng.org/testng-1.0.dtd">
<suite name="Suite">
  <test thread-count="5" name="Test">
    <classes>
      <class name="Trello_Labels.Update_Labels"/>
      <class name="Trello_Boards.Get_Board"/>
      <class name="Trello_Boards.Delete_Board"/>
      <class name="Trello_Cards.Get_Card"/>
      <class name="Trello_Labels.Get_Labels"/>
      <class name="Trello_Labels.Delete_Labels"/>
      <class name="Trello_Boards.Create_Board"/>
      <class name="Trello_Boards.Update_Board"/>
      <class name="Trello_Cards.Update_Card"/>
      <class name="Trello_Labels.Create_Labels"/>
      <class name="Trello_Cards.Delete_Card"/>
      <class name="Trello_Cards.Create_Card"/>
    </classes>
  </test> <!-- Test -->
</suite> <!-- Suite -->
